{
  "tool_scorer": {
    "method": "ToolScorer",
    "final_accuracy": 0.23333333333333334,
    "param_change": 0.4161967069163115,
    "performance_history": [
      1.0,
      0.5,
      0.3333333333333333,
      0.5,
      0.4,
      0.3333333333333333,
      0.2857142857142857,
      0.25,
      0.2222222222222222,
      0.3,
      0.2727272727272727,
      0.25,
      0.23076923076923078,
      0.21428571428571427,
      0.26666666666666666,
      0.25,
      0.23529411764705882,
      0.2777777777777778,
      0.2631578947368421,
      0.25,
      0.23809523809523808,
      0.22727272727272727,
      0.2608695652173913,
      0.25,
      0.24,
      0.23076923076923078,
      0.2222222222222222,
      0.21428571428571427,
      0.20689655172413793,
      0.2,
      0.1935483870967742,
      0.21875,
      0.21212121212121213,
      0.20588235294117646,
      0.2,
      0.19444444444444445,
      0.21621621621621623,
      0.21052631578947367,
      0.20512820512820512,
      0.2,
      0.21951219512195122,
      0.23809523809523808,
      0.23255813953488372,
      0.22727272727272727,
      0.2222222222222222,
      0.21739130434782608,
      0.2127659574468085,
      0.22916666666666666,
      0.22448979591836735,
      0.24,
      0.23529411764705882,
      0.23076923076923078,
      0.22641509433962265,
      0.2222222222222222,
      0.21818181818181817,
      0.23214285714285715,
      0.22807017543859648,
      0.2413793103448276,
      0.23728813559322035,
      0.23333333333333334
    ],
    "fisher_mean": 0.16799858680755828
  },
  "parametric_memory": {
    "method": "ParametricMemory",
    "memory_size": 60,
    "importance_mean": 1.0002588651499085,
    "importance_std": 0.002985927759694555,
    "total_updates": 55,
    "importance_diversity": 0.002985927759694555
  },
  "ewc_forgetting": {
    "method": "EWC vs Baseline",
    "forgetting_with_ewc": 0.2,
    "forgetting_without_ewc": -0.2,
    "improvement": -0.4,
    "forgetting_reduction": 0
  }
}