{
  "tool_scorer": {
    "method": "ToolScorer",
    "final_accuracy": 0.3,
    "param_change": 0.41730611647604104,
    "performance_history": [
      0.0,
      0.0,
      0.0,
      0.25,
      0.2,
      0.16666666666666666,
      0.14285714285714285,
      0.125,
      0.1111111111111111,
      0.1,
      0.18181818181818182,
      0.16666666666666666,
      0.15384615384615385,
      0.14285714285714285,
      0.13333333333333333,
      0.125,
      0.11764705882352941,
      0.1111111111111111,
      0.15789473684210525,
      0.2,
      0.19047619047619047,
      0.18181818181818182,
      0.21739130434782608,
      0.25,
      0.28,
      0.2692307692307692,
      0.2962962962962963,
      0.2857142857142857,
      0.27586206896551724,
      0.26666666666666666,
      0.25806451612903225,
      0.28125,
      0.30303030303030304,
      0.29411764705882354,
      0.3142857142857143,
      0.3055555555555556,
      0.2972972972972973,
      0.2894736842105263,
      0.28205128205128205,
      0.3,
      0.2926829268292683,
      0.2857142857142857,
      0.27906976744186046,
      0.2727272727272727,
      0.26666666666666666,
      0.2608695652173913,
      0.2765957446808511,
      0.2916666666666667,
      0.2857142857142857,
      0.28,
      0.27450980392156865,
      0.28846153846153844,
      0.2830188679245283,
      0.2962962962962963,
      0.2909090909090909,
      0.30357142857142855,
      0.2982456140350877,
      0.29310344827586204,
      0.288135593220339,
      0.3
    ],
    "fisher_mean": 0.16205187913962668
  },
  "parametric_memory": {
    "method": "ParametricMemory",
    "memory_size": 60,
    "importance_mean": 0.999788427071849,
    "importance_std": 0.0027535483843557696,
    "total_updates": 55,
    "importance_diversity": 0.0027535483843557696
  },
  "ewc_forgetting": {
    "method": "EWC vs Baseline",
    "forgetting_with_ewc": 0.09999999999999998,
    "forgetting_without_ewc": -0.2,
    "improvement": -0.3,
    "forgetting_reduction": 0
  }
}